Amostra,Sensor,PredPadrao,PredLipschitz,ErroP,ErroL,NormaP,NormaL
0,25.0000,-3.8628,-3.8628,-28.8628,-28.8628,2.4783,1.8028
1,25.1300,44.5640,42.7831,19.4340,17.6531,2.4771,1.8011
2,25.2500,17.0557,12.0826,-8.1943,-13.1674,2.4775,1.8020
3,25.3800,28.5201,34.8526,3.1401,9.4726,2.4773,1.8012
4,25.5000,24.1119,18.4845,-1.3881,-7.0155,2.4774,1.8017
5,25.6300,26.0583,30.5860,0.4283,4.9560,2.4774,1.8013
6,25.7500,25.4584,22.0408,-0.2916,-3.7092,2.4774,1.8016
7,25.8800,25.8678,28.4370,-0.0122,2.5570,2.4774,1.8014
8,26.0000,25.8859,24.0328,-0.1141,-1.9672,2.4774,1.8016
9,26.1300,26.0464,27.4266,-0.0836,1.2966,2.4774,1.8014
10,26.2500,26.1647,25.1958,-0.0853,-1.0542,2.4774,1.8015
11,26.0000,26.2848,27.0163,0.2848,1.0163,2.4774,1.8015
12,37.0000,25.8741,25.2522,-11.1259,-11.7478,2.4780,1.8024
13,26.5000,41.8783,45.5105,15.3783,19.0105,2.4770,1.8015
14,26.6200,19.4610,18.7017,-7.1590,-7.9183,2.4773,1.8018
15,26.7500,29.8308,29.7616,3.0808,3.0116,2.4771,1.8016
16,26.8700,25.5131,25.6006,-1.3569,-1.2694,2.4772,1.8017
17,26.9000,27.4126,27.3530,0.5126,0.4530,2.4772,1.8017
18,9.0000,26.6925,26.7263,17.6925,17.7263,2.4763,1.8010
19,27.1100,1.4902,1.5567,-25.6198,-25.5533,2.4784,1.8025
20,27.2400,38.3028,37.7876,11.0628,10.5476,2.4777,1.8020
21,27.3000,22.3541,22.9826,-4.9459,-4.3174,2.4779,1.8022
22,6.0000,29.2332,28.9149,23.2332,22.9149,2.4767,1.8012
23,27.4800,-3.4941,-2.7767,-30.9741,-30.2567,2.4776,1.8019
24,27.6000,39.9758,38.9367,12.3758,11.3367,2.4768,1.8014
25,27.7200,22.3250,23.1046,-5.3950,-4.6154,2.4771,1.8016
26,27.8400,29.7462,29.4002,1.9062,1.5602,2.4770,1.8015
27,27.9600,27.1163,27.2680,-0.8437,-0.6920,2.4770,1.8015
28,28.0800,28.2776,28.2123,0.1976,0.1323,2.4770,1.8015
29,28.2000,28.0040,28.0309,-0.1960,-0.1691,2.4770,1.8015
30,28.3200,28.2729,28.2612,-0.0471,-0.0588,2.4770,1.8015
31,28.4400,28.3366,28.3409,-0.1034,-0.0991,2.4771,1.8015
32,28.5500,28.4779,28.4756,-0.0721,-0.0744,2.4771,1.8015
33,28.6700,28.5760,28.5765,-0.0940,-0.0935,2.4771,1.8015
34,28.7900,28.7046,28.7037,-0.0854,-0.0863,2.4771,1.8015
35,28.9000,28.8211,28.8209,-0.0789,-0.0791,2.4771,1.8015
36,29.0200,28.9286,28.9282,-0.0914,-0.0918,2.4771,1.8015
37,29.1300,29.0537,29.0531,-0.0763,-0.0769,2.4771,1.8016
38,29.2500,29.1576,29.1581,-0.0924,-0.0919,2.4771,1.8016
39,29.0000,29.2840,29.2843,0.2840,0.2843,2.4771,1.8015
40,36.0000,28.8867,28.8910,-7.1133,-7.1090,2.4774,1.8018
41,29.4700,38.8665,38.7228,9.3965,9.2528,2.4769,1.8014
42,29.5800,25.5624,25.8605,-4.0176,-3.7195,2.4771,1.8015
43,29.6900,31.2370,31.0148,1.5470,1.3248,2.4770,1.8015
44,29.8100,29.1023,29.2040,-0.7077,-0.6060,2.4770,1.8015
45,29.9100,30.0767,30.0311,0.1667,0.1211,2.4770,1.8015
46,30.0200,29.8454,29.8649,-0.1746,-0.1551,2.4770,1.8015
47,30.1300,30.0852,30.0763,-0.0448,-0.0537,2.4770,1.8015
48,30.2400,30.1459,30.1491,-0.0941,-0.0909,2.4770,1.8015
49,30.3400,30.2746,30.2727,-0.0654,-0.0673,2.4770,1.8015
50,30.4500,30.3636,30.3640,-0.0864,-0.0860,2.4770,1.8015
51,30.5600,30.4819,30.4810,-0.0781,-0.0790,2.4770,1.8015
52,30.0000,30.5885,30.5883,0.5885,0.5883,2.4770,1.8015
53,0.6600,29.7679,29.7796,29.1079,29.1196,2.4757,1.8005
54,30.7600,-10.5999,-10.0772,-41.3599,-40.8372,2.4766,1.8013
55,30.8600,46.5478,45.6736,15.6878,14.8136,2.4757,1.8006
56,30.9600,24.6036,25.2259,-6.3564,-5.7341,2.4760,1.8008
57,31.0600,33.2551,32.9834,2.1951,1.9234,2.4759,1.8007
58,31.1600,30.2582,30.3759,-0.9018,-0.7841,2.4759,1.8007
59,31.2600,31.4868,31.4375,0.2268,0.1775,2.4759,1.8007
60,31.3600,31.1764,31.1965,-0.1836,-0.1635,2.4759,1.8007
61,31.4600,31.4258,31.4175,-0.0342,-0.0425,2.4759,1.8007
62,31.5500,31.4715,31.4745,-0.0785,-0.0755,2.4759,1.8007
63,31.6400,31.5775,31.5762,-0.0625,-0.0638,2.4759,1.8007
64,31.7400,31.6619,31.6622,-0.0781,-0.0778,2.4759,1.8007
65,31.8300,31.7677,31.7672,-0.0623,-0.0628,2.4759,1.8007
66,31.9200,31.8516,31.8517,-0.0684,-0.0683,2.4759,1.8008
67,32.0100,31.9440,31.9438,-0.0660,-0.0662,2.4759,1.8008
68,32.1000,32.0331,32.0330,-0.0668,-0.0670,2.4759,1.8008
69,32.1900,32.1235,32.1233,-0.0665,-0.0667,2.4759,1.8008
70,32.2700,32.2134,32.2132,-0.0566,-0.0568,2.4759,1.8008
71,32.3600,32.2897,32.2896,-0.0703,-0.0704,2.4759,1.8008
72,32.4400,32.3850,32.3846,-0.0550,-0.0554,2.4759,1.8008
73,32.5300,32.4591,32.4591,-0.0709,-0.0709,2.4759,1.8008
74,32.6100,32.5552,32.5548,-0.0548,-0.0552,2.4759,1.8008
75,32.6900,32.6290,32.6291,-0.0610,-0.0609,2.4759,1.8008
76,32.7700,32.7115,32.7112,-0.0585,-0.0588,2.4759,1.8008
77,32.8500,32.7906,32.7905,-0.0594,-0.0595,2.4759,1.8008
78,32.9200,32.8709,32.8707,-0.0491,-0.0493,2.4760,1.8008
79,33.0000,32.9370,32.9370,-0.0630,-0.0630,2.4760,1.8008
80,33.0700,33.0224,33.0221,-0.0476,-0.0479,2.4760,1.8008
81,33.1500,33.0878,33.0871,-0.0622,-0.0629,2.4760,1.8008
82,33.2200,33.1747,33.1735,-0.0453,-0.0465,2.4760,1.8008
83,33.2900,33.2381,33.2374,-0.0519,-0.0526,2.4760,1.8008
84,33.3600,33.3106,33.3096,-0.0494,-0.0504,2.4760,1.8008
85,33.4300,33.3797,33.3788,-0.0503,-0.0512,2.4760,1.8008
86,33.5000,33.4500,33.4491,-0.0500,-0.0509,2.4760,1.8008
87,33.5600,33.5199,33.5190,-0.0401,-0.0410,2.4760,1.8008
88,33.6200,33.5760,33.5753,-0.0440,-0.0447,2.4760,1.8008
89,33.6900,33.6375,33.6367,-0.0525,-0.0533,2.4760,1.8008
90,33.7500,33.7109,33.7099,-0.0391,-0.0401,2.4760,1.8008
91,33.8100,33.7656,33.7650,-0.0444,-0.0450,2.4760,1.8008
92,33.8700,33.8276,33.8268,-0.0424,-0.0432,2.4760,1.8008
93,33.9200,33.8869,33.8862,-0.0331,-0.0338,2.4760,1.8008
94,33.9800,33.9332,33.9327,-0.0468,-0.0473,2.4760,1.8008
95,34.0300,33.9986,33.9977,-0.0314,-0.0323,2.4760,1.8008
96,34.0900,34.0426,34.0421,-0.0474,-0.0479,2.4760,1.8008
97,34.1400,34.1088,34.1079,-0.0312,-0.0321,2.4760,1.8008
98,34.1900,34.1525,34.1520,-0.0375,-0.0380,2.4760,1.8008
99,34.2400,34.2049,34.2042,-0.0351,-0.0358,2.4760,1.8008
100,34.2900,34.2540,34.2534,-0.0360,-0.0366,2.4760,1.8008
101,34.3300,34.3044,34.3037,-0.0257,-0.0263,2.4760,1.8008
102,34.3800,34.3403,34.3399,-0.0397,-0.0401,2.4760,1.8008
103,34.4200,34.3958,34.3950,-0.0242,-0.0250,2.4760,1.8008
104,34.4600,34.4297,34.4294,-0.0303,-0.0306,2.4760,1.8008
105,34.5000,34.4720,34.4714,-0.0280,-0.0286,2.4760,1.8008
106,34.5400,34.5112,34.5107,-0.0288,-0.0293,2.4760,1.8008
107,34.5700,34.5515,34.5510,-0.0185,-0.0190,2.4760,1.8008
108,34.6100,34.5774,34.5771,-0.0326,-0.0329,2.4760,1.8008
109,34.6400,34.6230,34.6223,-0.0170,-0.0177,2.4760,1.8008
110,34.6800,34.6469,34.6467,-0.0331,-0.0333,2.4760,1.8008
111,34.7100,34.6932,34.6925,-0.0168,-0.0175,2.4760,1.8008
112,34.7000,34.7168,34.7166,0.0168,0.0166,2.4760,1.8008
113,4.0000,34.6933,34.6938,30.6933,30.6938,2.4747,1.7998
114,34.7600,-7.3670,-6.9688,-42.1270,-41.7288,2.4759,1.8008
115,34.7900,49.9887,49.3831,15.1987,14.5931,2.4751,1.8001
116,34.8200,29.0106,29.4634,-5.8094,-5.3566,2.4753,1.8003
117,34.8400,36.8526,36.6616,2.0126,1.8216,2.4752,1.8002
118,34.8600,34.1290,34.2094,-0.7310,-0.6506,2.4752,1.8003
119,34.8800,35.1171,35.0845,0.2371,0.2045,2.4752,1.8002
120,34.9000,34.7963,34.8092,-0.1037,-0.0908,2.4752,1.8003
121,34.9200,34.9363,34.9313,0.0163,0.0113,2.4752,1.8003
122,34.9300,34.9141,34.9160,-0.0159,-0.0140,2.4752,1.8003
123,34.9500,34.9353,34.9347,-0.0147,-0.0153,2.4752,1.8003
124,34.9600,34.9552,34.9553,-0.0048,-0.0047,2.4752,1.8003
125,34.9700,34.9614,34.9615,-0.0086,-0.0085,2.4752,1.8003
126,34.9800,34.9729,34.9729,-0.0071,-0.0071,2.4752,1.8003
127,34.9900,34.9824,34.9824,-0.0076,-0.0076,2.4752,1.8003
128,34.0000,34.9926,34.9926,0.9926,0.9926,2.4752,1.8002
129,0.9900,33.6412,33.6521,32.6512,32.6621,2.4738,1.7991
130,35.0000,-10.5072,-10.2390,-45.5072,-45.2390,2.4751,1.8002
131,35.0000,50.6056,50.2255,15.6056,15.2255,2.4743,1.7995
132,35.0000,29.4254,29.6998,-5.5746,-5.3002,2.4745,1.7997
133,35.0000,36.8759,36.7633,1.8759,1.7633,2.4744,1.7996
134,35.0000,34.3636,34.4098,-0.6364,-0.5902,2.4744,1.7997
135,34.9900,35.2153,35.1971,0.2253,0.2071,2.4744,1.7996
136,34.9900,34.9136,34.9207,-0.0764,-0.0693,2.4744,1.7996
137,34.9800,35.0160,35.0132,0.0360,0.0332,2.4744,1.7996
138,34.9700,34.9677,34.9688,-0.0023,-0.0012,2.4744,1.7996
139,34.9700,34.9709,34.9704,0.0009,0.0004,2.4744,1.7996
140,34.9500,34.9699,34.9699,0.0199,0.0199,2.4744,1.7996
141,34.9400,34.9431,34.9433,0.0031,0.0033,2.4744,1.7996
142,34.9300,34.9392,34.9391,0.0092,0.0091,2.4744,1.7996
143,34.9100,34.9270,34.9270,0.0170,0.0170,2.4744,1.7996
144,34.8900,34.9043,34.9043,0.0143,0.0143,2.4744,1.7996
145,0.0000,34.8854,34.8853,34.8854,34.8853,2.4731,1.7985
146,34.8700,-11.8119,-11.6078,-46.6819,-46.4778,2.4743,1.7995
147,34.8500,50.1726,49.9527,15.3226,15.1027,2.4736,1.7990
148,34.8300,29.6586,29.8066,-5.1714,-5.0234,2.4738,1.7991
149,34.8100,36.5049,36.4481,1.6949,1.6381,2.4737,1.7991
150,34.7800,34.2671,34.2797,-0.5129,-0.5003,2.4737,1.7991
151,34.7600,34.9443,34.9418,0.1843,0.1818,2.4737,1.7991
152,34.7300,34.7013,34.7014,-0.0287,-0.0286,2.4737,1.7991
153,34.7000,34.7395,34.7393,0.0395,0.0393,2.4737,1.7991
154,34.6700,34.6877,34.6874,0.0177,0.0174,2.4737,1.7991
155,34.6300,34.6647,34.6645,0.0347,0.0345,2.4737,1.7991
156,34.6000,34.6193,34.6190,0.0193,0.0190,2.4737,1.7991
157,34.5600,34.5942,34.5941,0.0342,0.0341,2.4737,1.7991
158,34.5300,34.5494,34.5491,0.0194,0.0191,2.4737,1.7991
159,34.4900,34.5241,34.5241,0.0341,0.0341,2.4737,1.7991
160,34.4500,34.4791,34.4791,0.0291,0.0291,2.4737,1.7991
161,34.4100,34.4409,34.4408,0.0309,0.0308,2.4737,1.7991
162,34.3600,34.4003,34.4003,0.0403,0.0403,2.4737,1.7991
163,34.3200,34.3472,34.3472,0.0272,0.0272,2.4737,1.7991
164,34.2700,34.3117,34.3115,0.0417,0.0415,2.4737,1.7991
165,34.2200,34.2567,34.2568,0.0367,0.0368,2.4737,1.7991
166,34.1700,34.2085,34.2084,0.0385,0.0384,2.4737,1.7991
167,34.1200,34.1579,34.1579,0.0379,0.0379,2.4737,1.7991
168,34.0700,34.1081,34.1080,0.0381,0.0380,2.4737,1.7991
169,34.0200,34.0581,34.0580,0.0381,0.0380,2.4737,1.7991
170,33.9600,34.0081,34.0080,0.0481,0.0480,2.4737,1.7991
171,33.9100,33.9448,33.9447,0.0348,0.0347,2.4737,1.7991
172,33.8500,33.8993,33.8991,0.0493,0.0491,2.4737,1.7991
173,33.7900,33.8344,33.8344,0.0443,0.0444,2.4737,1.7991
174,33.7300,33.7761,33.7760,0.0461,0.0460,2.4737,1.7991
175,33.6700,33.7156,33.7155,0.0456,0.0455,2.4737,1.7991
176,33.6100,33.6557,33.6556,0.0457,0.0456,2.4737,1.7991
177,33.5400,33.5957,33.5956,0.0557,0.0556,2.4737,1.7991
178,33.4800,33.5224,33.5223,0.0424,0.0423,2.4737,1.7991
179,33.4100,33.4669,33.4667,0.0569,0.0567,2.4737,1.7991
180,33.3400,33.3920,33.3920,0.0520,0.0520,2.4737,1.7991
181,33.2700,33.3238,33.3236,0.0538,0.0536,2.4737,1.7990
182,33.2000,33.2532,33.2531,0.0532,0.0531,2.4737,1.7990
183,33.1300,33.1834,33.1832,0.0534,0.0532,2.4737,1.7990
184,33.0500,33.1133,33.1132,0.0633,0.0632,2.4737,1.7990
185,32.9800,33.0300,33.0299,0.0500,0.0499,2.4737,1.7990
186,32.9000,32.9646,32.9644,0.0646,0.0644,2.4737,1.7990
187,32.8200,32.8796,32.8796,0.0596,0.0596,2.4737,1.7990
188,32.7500,32.8014,32.8012,0.0514,0.0512,2.4737,1.7990
189,32.6700,32.7341,32.7339,0.0641,0.0639,2.4736,1.7990
190,32.5800,32.6498,32.6497,0.0698,0.0697,2.4736,1.7990
191,32.5000,32.5580,32.5579,0.0580,0.0579,2.4736,1.7990
192,32.4200,32.4821,32.4818,0.0621,0.0618,2.4736,1.7990
193,32.3300,32.4006,32.4005,0.0706,0.0705,2.4736,1.7990
194,32.2500,32.3078,32.3077,0.0578,0.0577,2.4736,1.7990
195,32.1600,32.2322,32.2319,0.0722,0.0719,2.4736,1.7990
196,32.0700,32.1373,32.1372,0.0673,0.0672,2.4736,1.7990
197,31.9800,32.0490,32.0488,0.0690,0.0688,2.4736,1.7990
198,31.8900,31.9585,31.9583,0.0685,0.0683,2.4736,1.7990
199,31.8000,31.8686,31.8685,0.0686,0.0685,2.4736,1.7990
200,31.7100,31.7786,31.7784,0.0686,0.0684,2.4736,1.7990
201,31.6200,31.6886,31.6884,0.0686,0.0684,2.4736,1.7990
202,31.5200,31.5986,31.5984,0.0786,0.0784,2.4736,1.7990
203,31.4300,31.4953,31.4952,0.0653,0.0652,2.4736,1.7990
204,31.3300,31.4098,31.4096,0.0798,0.0796,2.4736,1.7990
205,31.2300,31.3049,31.3048,0.0749,0.0748,2.4736,1.7990
206,31.1300,31.2067,31.2065,0.0767,0.0765,2.4736,1.7990
207,31.0300,31.1061,31.1059,0.0761,0.0759,2.4736,1.7990
208,999.0000,31.0063,31.0061,-967.9937,-967.9939,2.5383,1.8028
209,999.0000,1474.1160,1430.4440,475.1160,431.4440,7.0702,1.8028
210,999.0000,-11681.4199,-440.3389,-12680.4199,-1439.3389,4922.9561,1.8028
211,999.0000,93429334016.0000,1884.8185,93429334016.0000,885.8185,190299766784000.0000,1.6532
212,999.0000,-inf,695.5804,-inf,-303.4196,-nan,1.7351
213,30.4200,nan,1107.0471,nan,1076.6271,-nan,1.5272
214,30.3100,nan,-337.0376,nan,-367.3476,-nan,1.5787
215,30.2100,nan,155.8056,nan,125.5956,-nan,1.5657
216,30.1000,nan,-12.9833,nan,-43.0833,-nan,1.5701
217,29.9900,nan,44.9521,nan,14.9621,-nan,1.5686
218,29.8800,nan,24.8341,nan,-5.0459,-nan,1.5691
219,29.7700,nan,31.6169,nan,1.8469,-nan,1.5689
220,0.0000,nan,29.1318,nan,29.1318,-nan,1.5659
221,29.6600,nan,-10.3049,nan,-39.9649,-nan,1.5697
222,29.5500,nan,43.4529,nan,13.9029,-nan,1.5684
223,29.4400,nan,25.0118,nan,-4.4282,-nan,1.5688
224,29.3300,nan,30.9639,nan,1.6339,-nan,1.5687
225,29.2100,nan,28.7653,nan,-0.4447,-nan,1.5687
226,29.1000,nan,29.3613,nan,0.2613,-nan,1.5687
227,28.9800,nan,29.0081,nan,0.0281,-nan,1.5687
228,28.8700,nan,28.9682,nan,0.0982,-nan,1.5687
229,28.7500,nan,28.8342,nan,0.0842,-nan,1.5687
230,28.6400,nan,28.7190,nan,0.0790,-nan,1.5687
231,28.5200,nan,28.6107,nan,0.0907,-nan,1.5687
232,28.4000,nan,28.4867,nan,0.0867,-nan,1.5686
233,28.2800,nan,28.3680,nan,0.0880,-nan,1.5686
234,28.1700,nan,28.2477,nan,0.0777,-nan,1.5686
235,28.0500,nan,28.1413,nan,0.0913,-nan,1.5686
236,27.9300,nan,28.0165,nan,0.0865,-nan,1.5686
237,27.8100,nan,27.8981,nan,0.0881,-nan,1.5686
238,27.6900,nan,27.7776,nan,0.0876,-nan,1.5686
239,27.5600,nan,27.6577,nan,0.0977,-nan,1.5686
240,27.4400,nan,27.5241,nan,0.0841,-nan,1.5686
241,27.3200,nan,27.4089,nan,0.0889,-nan,1.5686
242,27.2000,nan,27.2873,nan,0.0873,-nan,1.5686
243,27.0800,nan,27.1678,nan,0.0878,-nan,1.5685
244,26.9500,nan,27.0476,nan,0.0976,-nan,1.5685
245,26.8300,nan,26.9143,nan,0.0843,-nan,1.5685
246,26.7100,nan,26.7987,nan,0.0887,-nan,1.5685
247,26.5800,nan,26.6774,nan,0.0974,-nan,1.5685
248,26.4600,nan,26.5443,nan,0.0844,-nan,1.5685
249,26.3400,nan,26.4287,nan,0.0887,-nan,1.5685
250,26.2100,nan,26.3075,nan,0.0975,-nan,1.5685
251,26.0900,nan,26.1743,nan,0.0843,-nan,1.5685
252,25.9600,nan,26.0588,nan,0.0988,-nan,1.5685
253,25.8400,nan,25.9238,nan,0.0838,-nan,1.5685
254,25.7100,nan,25.8090,nan,0.0990,-nan,1.5684
255,25.5900,nan,25.6737,nan,0.0837,-nan,1.5684
256,25.4600,nan,25.5590,nan,0.0990,-nan,1.5684
257,25.3400,nan,25.4237,nan,0.0837,-nan,1.5684
258,25.2100,nan,25.3090,nan,0.0990,-nan,1.5684
259,25.0000,nan,25.1737,nan,0.1737,-nan,1.5684
260,0.0900,nan,24.9372,nan,24.8472,-nan,1.5659
261,24.9600,nan,-8.6951,nan,-33.6551,-nan,1.5690
262,24.8400,nan,36.5781,nan,11.7381,-nan,1.5679
263,24.7100,nan,21.0031,nan,-3.7069,-nan,1.5683
264,24.5900,nan,25.9854,nan,1.3954,-nan,1.5682
265,24.4600,nan,24.1071,nan,-0.3529,-nan,1.5682
266,24.3400,nan,24.5795,nan,0.2395,-nan,1.5682
267,24.2100,nan,24.2552,nan,0.0452,-nan,1.5682
268,24.0900,nan,24.1923,nan,0.1023,-nan,1.5682
269,23.9600,nan,24.0527,nan,0.0927,-nan,1.5682
270,23.8400,nan,23.9258,nan,0.0858,-nan,1.5682
271,23.7100,nan,23.8082,nan,0.0982,-nan,1.5681
272,23.5900,nan,23.6741,nan,0.0841,-nan,1.5681
273,23.4600,nan,23.5588,nan,0.0988,-nan,1.5681
274,23.3400,nan,23.4239,nan,0.0839,-nan,1.5681
275,23.2200,nan,23.3089,nan,0.0889,-nan,1.5681
276,23.0900,nan,23.1874,nan,0.0974,-nan,1.5681
277,22.9700,nan,23.0543,nan,0.0843,-nan,1.5681
278,22.8500,nan,22.9388,nan,0.0888,-nan,1.5681
279,22.0000,nan,22.8174,nan,0.8174,-nan,1.5680
280,0.7300,nan,21.7100,nan,20.9800,-nan,1.5660
281,22.6000,nan,-6.6950,nan,-29.2950,-nan,1.5686
282,22.4800,nan,32.7190,nan,10.2390,-nan,1.5677
283,22.3600,nan,19.1322,nan,-3.2278,-nan,1.5680
284,22.2400,nan,23.4708,nan,1.2308,-nan,1.5679
285,22.1200,nan,21.8137,nan,-0.3063,-nan,1.5679
286,22.0000,nan,22.2236,nan,0.2236,-nan,1.5679
287,21.8800,nan,21.9208,nan,0.0408,-nan,1.5679
288,21.7600,nan,21.8638,nan,0.1038,-nan,1.5679
289,21.6500,nan,21.7222,nan,0.0722,-nan,1.5679
290,21.5300,nan,21.6231,nan,0.0931,-nan,1.5679
291,21.4100,nan,21.4960,nan,0.0860,-nan,1.5679
292,21.2900,nan,21.3783,nan,0.0883,-nan,1.5679
293,21.1800,nan,21.2575,nan,0.0775,-nan,1.5678
294,21.0600,nan,21.1514,nan,0.0914,-nan,1.5678
295,20.9500,nan,21.0266,nan,0.0766,-nan,1.5678
296,20.8300,nan,20.9217,nan,0.0917,-nan,1.5678
297,20.7200,nan,20.7964,nan,0.0764,-nan,1.5678
298,20.6100,nan,20.6917,nan,0.0817,-nan,1.5678
299,20.4900,nan,20.5798,nan,0.0898,-nan,1.5678
300,20.3800,nan,20.4571,nan,0.0771,-nan,1.5678
301,20.2700,nan,20.3516,nan,0.0816,-nan,1.5678
302,20.1600,nan,20.2398,nan,0.0798,-nan,1.5678
303,20.0500,nan,20.1306,nan,0.0806,-nan,1.5678
304,19.9400,nan,20.0204,nan,0.0804,-nan,1.5678
305,19.8400,nan,19.9104,nan,0.0704,-nan,1.5678
306,19.7300,nan,19.8140,nan,0.0840,-nan,1.5677
307,19.6200,nan,19.6991,nan,0.0791,-nan,1.5677
308,19.5200,nan,19.5910,nan,0.0710,-nan,1.5677
309,19.4100,nan,19.4938,nan,0.0838,-nan,1.5677
310,19.3100,nan,19.3792,nan,0.0692,-nan,1.5677
311,19.2100,nan,19.2843,nan,0.0743,-nan,1.5677
312,19.1100,nan,19.1827,nan,0.0727,-nan,1.5677
313,19.0100,nan,19.0832,nan,0.0732,-nan,1.5677
314,18.9100,nan,18.9831,nan,0.0731,-nan,1.5677
315,18.8100,nan,18.8831,nan,0.0731,-nan,1.5677
316,18.7100,nan,18.7831,nan,0.0731,-nan,1.5677
317,18.6100,nan,18.6831,nan,0.0731,-nan,1.5677
318,18.5200,nan,18.5831,nan,0.0631,-nan,1.5677
319,18.4200,nan,18.4966,nan,0.0766,-nan,1.5677
320,18.3300,nan,18.3920,nan,0.0620,-nan,1.5676
321,18.2300,nan,18.3072,nan,0.0772,-nan,1.5676
322,18.1400,nan,18.2017,nan,0.0617,-nan,1.5676
323,18.0500,nan,18.1171,nan,0.0671,-nan,1.5676
324,17.9600,nan,18.0253,nan,0.0653,-nan,1.5676
325,1.0000,nan,17.9359,nan,16.9359,-nan,1.5660
326,7.8700,nan,-4.9882,nan,-12.8582,-nan,1.5672
327,17.7900,nan,12.2250,nan,-5.5650,-nan,1.5677
328,17.7000,nan,19.8538,nan,2.1538,-nan,1.5675
329,17.6200,nan,17.0400,nan,-0.5800,-nan,1.5675
330,17.5300,nan,17.8187,nan,0.2887,-nan,1.5675
331,17.4500,nan,17.4289,nan,-0.0211,-nan,1.5675
332,17.3700,nan,17.4559,nan,0.0859,-nan,1.5675
333,17.2900,nan,17.3390,nan,0.0490,-nan,1.5675
334,17.2100,nan,17.2718,nan,0.0618,-nan,1.5675
335,17.1300,nan,17.1873,nan,0.0573,-nan,1.5675
336,17.0500,nan,17.1089,nan,0.0589,-nan,1.5675
337,16.9800,nan,17.0282,nan,0.0482,-nan,1.5675
338,16.9000,nan,16.9621,nan,0.0621,-nan,1.5675
339,16.8300,nan,16.8773,nan,0.0473,-nan,1.5675
340,16.7600,nan,16.8124,nan,0.0524,-nan,1.5674
341,16.6900,nan,16.7408,nan,0.0508,-nan,1.5674
342,16.6200,nan,16.6713,nan,0.0513,-nan,1.5674
343,16.5500,nan,16.6011,nan,0.0511,-nan,1.5674
344,16.4900,nan,16.5312,nan,0.0412,-nan,1.5674
345,16.4200,nan,16.4747,nan,0.0547,-nan,1.5674
346,16.3600,nan,16.4000,nan,0.0400,-nan,1.5674
347,0.0000,nan,16.3452,nan,16.3452,-nan,1.5659
348,16.2900,nan,-5.7792,nan,-22.0692,-nan,1.5679
349,16.2300,nan,23.9120,nan,7.6820,-nan,1.5672
350,16.1700,nan,13.7146,nan,-2.4554,-nan,1.5674
351,16.1200,nan,17.0162,nan,0.8962,-nan,1.5673
352,16.0600,nan,15.8098,nan,-0.2502,-nan,1.5673
353,16.0000,nan,16.1455,nan,0.1455,-nan,1.5673
354,15.9500,nan,15.9487,nan,-0.0013,-nan,1.5673
355,15.9000,nan,15.9495,nan,0.0495,-nan,1.5673
356,15.8500,nan,15.8821,nan,0.0321,-nan,1.5673
357,15.8000,nan,15.8382,nan,0.0382,-nan,1.5673
358,15.7500,nan,15.7859,nan,0.0359,-nan,1.5673
359,15.7000,nan,15.7368,nan,0.0368,-nan,1.5673
360,15.6600,nan,15.6865,nan,0.0265,-nan,1.5673
361,15.6100,nan,15.6502,nan,0.0402,-nan,1.5673
362,15.5700,nan,15.5953,nan,0.0253,-nan,1.5673
363,15.5300,nan,15.5606,nan,0.0306,-nan,1.5673
364,15.4900,nan,15.5187,nan,0.0287,-nan,1.5673
365,15.4500,nan,15.4794,nan,0.0294,-nan,1.5673
366,15.4100,nan,15.4391,nan,0.0291,-nan,1.5673
367,15.3800,nan,15.3993,nan,0.0193,-nan,1.5673
368,15.0000,nan,15.3727,nan,0.3727,-nan,1.5673
369,35.0000,nan,14.8681,nan,-20.1319,-nan,1.5691
370,15.3100,nan,42.1034,nan,26.7934,-nan,1.5665
371,15.2800,nan,6.0846,nan,-9.1954,-nan,1.5674
372,1.0000,nan,18.2853,nan,17.2853,-nan,1.5658
373,5.2500,nan,-5.0839,nan,-10.3339,-nan,1.5667
374,15.2300,nan,8.7356,nan,-6.4944,-nan,1.5673
375,15.2000,nan,17.5916,nan,2.3916,-nan,1.5671
376,15.1800,nan,14.4570,nan,-0.7230,-nan,1.5671
377,15.1500,nan,15.4291,nan,0.2791,-nan,1.5671
378,15.1300,nan,15.0532,nan,-0.0768,-nan,1.5671
379,15.1100,nan,15.1561,nan,0.0461,-nan,1.5671
380,15.1000,nan,15.0937,nan,-0.0063,-nan,1.5671
381,15.0800,nan,15.1019,nan,0.0219,-nan,1.5671
382,15.0600,nan,15.0722,nan,0.0122,-nan,1.5671
383,15.0500,nan,15.0554,nan,0.0054,-nan,1.5671
384,15.0400,nan,15.0479,nan,0.0079,-nan,1.5671
385,15.0300,nan,15.0372,nan,0.0072,-nan,1.5671
386,0.0000,nan,15.0273,nan,15.0273,-nan,1.5657
387,15.0200,nan,-5.3105,nan,-20.3305,-nan,1.5675
388,15.0100,nan,22.0419,nan,7.0319,-nan,1.5669
389,15.0100,nan,12.7061,nan,-2.3039,-nan,1.5671
390,15.0000,nan,15.8049,nan,0.8049,-nan,1.5670
391,15.0000,nan,14.7221,nan,-0.2779,-nan,1.5671
392,15.0000,nan,15.0958,nan,0.0958,-nan,1.5670
393,15.0000,nan,14.9670,nan,-0.0330,-nan,1.5670
394,0.0000,nan,15.0114,nan,15.0114,-nan,1.5656
395,15.0000,nan,-5.3038,nan,-20.3038,-nan,1.5675
396,15.0100,nan,22.0125,nan,7.0025,-nan,1.5668
397,15.0100,nan,12.7157,nan,-2.2943,-nan,1.5670
398,15.0200,nan,15.8017,nan,0.7817,-nan,1.5670
399,15.0300,nan,14.7504,nan,-0.2796,-nan,1.5670
